"","rs","Chromosome","SNP.pos","Ref.allele","Alt.allele","Distance2gene","Gene","Gene_ID","Gene.start","Gene.end","Statistic","pvalue","FDR","beta"
"1","rs3828789","6",32667977,"G","T",0,"HLA-DQB1","ENSG00000179344.17",32659467,32668383,7.72611303201644,3.45603799213016e-10,3.86779611857586e-06,1.68777009972179
"2","rs1063355","6",32659937,"T","G",0,"HLA-DQB1","ENSG00000179344.17",32659467,32668383,7.72611303201644,3.45603799213016e-10,3.86779611857586e-06,1.68777009972179
"3","rs112643027","6",32656990,"G","A",2477,"HLA-DQB1","ENSG00000179344.17",32659467,32668383,7.72611303201644,3.45603799213016e-10,3.86779611857586e-06,1.68777009972179
"4","rs17843577","6",32647733,"C","T",11734,"HLA-DQB1","ENSG00000179344.17",32659467,32668383,7.72611303201644,3.45603799213016e-10,3.86779611857586e-06,1.68777009972179
"5","rs9274552","6",32667061,"A","C",0,"HLA-DQB1","ENSG00000179344.17",32659467,32668383,7.72611303201644,3.45603799213016e-10,3.86779611857586e-06,1.68777009972179
"6","rs9272346","6",32636595,"G","A",22872,"HLA-DQB1","ENSG00000179344.17",32659467,32668383,7.72611303201644,3.45603799213016e-10,3.86779611857586e-06,1.68777009972179
"7","rs9273515","6",32660762,"G","A",0,"HLA-DQB1","ENSG00000179344.17",32659467,32668383,7.72611303201644,3.45603799213016e-10,3.86779611857586e-06,1.68777009972179
"8","rs3134995","6",32704312,"T","C",35929,"HLA-DQB1","ENSG00000179344.17",32659467,32668383,7.81865250192864,2.46514213554064e-10,3.86779611857586e-06,1.84538998728399
"9","rs3828790","6",32668032,"T","C",0,"HLA-DQB1","ENSG00000179344.17",32659467,32668383,7.72611303201644,3.45603799213016e-10,3.86779611857586e-06,1.68777009972179
"10","rs9273329","6",32655465,"G","A",4002,"HLA-DQB1","ENSG00000179344.17",32659467,32668383,7.72611303201644,3.45603799213016e-10,3.86779611857586e-06,1.68777009972179
"11","rs72852265","6",32656938,"A","C",2529,"HLA-DQB1","ENSG00000179344.17",32659467,32668383,7.72611303201644,3.45603799213016e-10,3.86779611857586e-06,1.68777009972179
"12","rs9273407","6",32659434,"T","C",33,"HLA-DQB1","ENSG00000179344.17",32659467,32668383,7.72611303201644,3.45603799213016e-10,3.86779611857586e-06,1.68777009972179
"13","rs9274605","6",32667885,"C","T",0,"HLA-DQB1","ENSG00000179344.17",32659467,32668383,7.63437645960087,4.83296408238843e-10,4.99271213363476e-06,1.74450987406236
"14","rs9272611","6",32640003,"C","T",19464,"HLA-DQB1","ENSG00000179344.17",32659467,32668383,7.50417953482848,7.78332018410144e-10,7.46626107688765e-06,1.60756027282323
"15","rs1049225","6",32659970,"A","G",0,"HLA-DQB1","ENSG00000179344.17",32659467,32668383,7.32840239376589,1.48239573056861e-09,9.48006187753206e-06,1.76527394968785
"16","rs3135006","6",32699342,"T","C",30959,"HLA-DQB1","ENSG00000179344.17",32659467,32668383,7.32840239376589,1.48239573056861e-09,9.48006187753206e-06,1.76527394968785
"17","rs9274482","6",32666009,"C","T",0,"HLA-DQB1","ENSG00000179344.17",32659467,32668383,7.32840239376589,1.48239573056861e-09,9.48006187753206e-06,1.76527394968785
"18","rs9273440","6",32659784,"T","C",0,"HLA-DQB1","ENSG00000179344.17",32659467,32668383,7.32840239376589,1.48239573056861e-09,9.48006187753206e-06,1.76527394968785
"19","rs9274185","6",32662732,"A","G",0,"HLA-DQB1","ENSG00000179344.17",32659467,32668383,7.32840239376589,1.48239573056861e-09,9.48006187753206e-06,1.76527394968785
"20","rs9274579","6",32667535,"A","G",0,"HLA-DQB1","ENSG00000179344.17",32659467,32668383,7.32840239376589,1.48239573056861e-09,9.48006187753206e-06,1.76527394968785
"21","rs9273841","6",32661805,"C","T",0,"HLA-DQB1","ENSG00000179344.17",32659467,32668383,7.32840239376589,1.48239573056861e-09,9.48006187753206e-06,1.76527394968785
"22","rs17612802","6",32652582,"C","T",6885,"HLA-DQB1","ENSG00000179344.17",32659467,32668383,7.31241303947509,1.57193387503695e-09,9.59572743708353e-06,1.66685613960553
"23","rs9274614","6",32668069,"C","G",0,"HLA-DQB1","ENSG00000179344.17",32659467,32668383,7.07310029897441,3.78353674251493e-09,2.20920710395447e-05,1.74840431709354
"24","rs9273416","6",32659544,"T","G",0,"HLA-DQB1","ENSG00000179344.17",32659467,32668383,6.99392344739095,5.060230505316e-09,2.83155740071843e-05,1.74816889826863
"25","rs9273349","6",32658092,"T","C",1375,"HLA-DQB1","ENSG00000179344.17",32659467,32668383,6.89882225664295,7.17543181512192e-09,3.85455586590172e-05,1.49334791245486
"26","rs3135002","6",32700662,"A","C",32279,"HLA-DQB1","ENSG00000179344.17",32659467,32668383,6.21822127602778,8.6929920938883e-08,0.000449016445858814,1.6318469151304
"27","rs1049055","6",32666610,"C","T",0,"HLA-DQB1","ENSG00000179344.17",32659467,32668383,6.1657817678786,1.0526643304729e-07,0.000523591339220442,1.6150112169354
"28","rs11878491","19",47505146,"T","C",940695,"GRWD1","ENSG00000105447.13",48445841,48457022,-5.98820450016873,2.00978980752091e-07,0.000899695805935452,-2.82236200229341
"29","rs35400373","19",47496407,"G","A",949434,"GRWD1","ENSG00000105447.13",48445841,48457022,-5.98820450016873,2.00978980752091e-07,0.000899695805935452,-2.82236200229341
"30","rs34206657","19",47514700,"C","T",931141,"GRWD1","ENSG00000105447.13",48445841,48457022,-5.98820450016873,2.00978980752091e-07,0.000899695805935452,-2.82236200229341
"31","rs3134992","6",32671006,"T","C",2623,"HLA-DQB1","ENSG00000179344.17",32659467,32668383,5.72451370758175,5.2245560711808e-07,0.00226336195706893,1.25713537698854
"32","rs6906021","6",32658534,"T","C",933,"HLA-DQB1","ENSG00000179344.17",32659467,32668383,5.62080559513936,7.5920857247133e-07,0.00318623230178695,1.40630040462513
"33","rs9273500","6",32660565,"T","C",0,"HLA-DQB1","ENSG00000179344.17",32659467,32668383,5.55747673847104,9.53233397968571e-07,0.00376518781314662,1.54571240735906
"34","rs9274084","6",32662362,"G","C",0,"HLA-DQB1","ENSG00000179344.17",32659467,32668383,5.55747673847104,9.53233397968571e-07,0.00376518781314662,1.54571240735906
"35","rs3104376","6",32632226,"T","C",27241,"HLA-DQB1","ENSG00000179344.17",32659467,32668383,5.50352758950442,1.15670142255982e-06,0.00443832945558616,1.43645357888791
"36","rs870359","19",47606762,"A","G",839079,"GRWD1","ENSG00000105447.13",48445841,48457022,-5.48922309834162,1.21750597107649e-06,0.00454187220549055,-2.68177480269592
"37","rs6926894","6",32644653,"T","C",14814,"HLA-DQB1","ENSG00000179344.17",32659467,32668383,5.42469059772113,1.53353583431423e-06,0.00556619626867292,1.3723789923152
"38","rs1140314","6",32664910,"A","G",0,"HLA-DQB1","ENSG00000179344.17",32659467,32668383,5.38550503184749,1.76369870391187e-06,0.00593039322725341,1.77226233543387
"39","rs707951","6",32642036,"T","C",17431,"HLA-DQB1","ENSG00000179344.17",32659467,32668383,5.38508349015429,1.76635166154223e-06,0.00593039322725341,1.50344219502966
"40","rs9274336","6",32664510,"A","G",0,"HLA-DQB1","ENSG00000179344.17",32659467,32668383,5.38550503184749,1.76369870391187e-06,0.00593039322725341,1.77226233543387
"41","rs3115630","6",29826724,"T","C",773689,"PPP1R10","ENSG00000204569.10",30600413,30618612,-5.28343900979578,2.53589475704058e-06,0.00830641605332386,-1.1503256343396
"42","rs4947344","6",32710069,"T","C",41686,"HLA-DQB1","ENSG00000179344.17",32659467,32668383,5.1404874977659,4.20497722621043e-06,0.0134456149178186,1.32774886962048
"43","rs35732828","17",46755851,"C","A",268710,"NSFP1","ENSG00000260075.1",46372855,46487141,5.07551645980259,5.28525174708838e-06,0.0165068245088076,1.37475110639548
"44","rs73024662","19",21120017,"C","T",554208,"ZNF737","ENSG00000237440.9",20535825,20565809,-5.03897165971155,6.00854688415475e-06,0.0183393141113939,-2.53678524461046
"45","rs13058062","22",50245867,"T","C",327429,"ALG12","ENSG00000182858.14",49900229,49918438,4.95280974639964,8.12179010752825e-06,0.0217258493141982,2.30510737405642
"46","rs9272346","6",32636595,"G","A",0,"HLA-DQA1","ENSG00000196735.13",32628179,32647062,4.9113881415128,9.38292932994403e-06,0.0217258493141982,1.00117294713429
"47","rs9273515","6",32660762,"G","A",13700,"HLA-DQA1","ENSG00000196735.13",32628179,32647062,4.9113881415128,9.38292932994403e-06,0.0217258493141982,1.00117294713429
"48","rs9274552","6",32667061,"A","C",19999,"HLA-DQA1","ENSG00000196735.13",32628179,32647062,4.9113881415128,9.38292932994403e-06,0.0217258493141982,1.00117294713429
"49","rs9273407","6",32659434,"T","C",12372,"HLA-DQA1","ENSG00000196735.13",32628179,32647062,4.9113881415128,9.38292932994403e-06,0.0217258493141982,1.00117294713429
"50","rs3828790","6",32668032,"T","C",20970,"HLA-DQA1","ENSG00000196735.13",32628179,32647062,4.9113881415128,9.38292932994403e-06,0.0217258493141982,1.00117294713429
"51","rs17843577","6",32647733,"C","T",671,"HLA-DQA1","ENSG00000196735.13",32628179,32647062,4.9113881415128,9.38292932994403e-06,0.0217258493141982,1.00117294713429
"52","rs9273329","6",32655465,"G","A",8403,"HLA-DQA1","ENSG00000196735.13",32628179,32647062,4.9113881415128,9.38292932994403e-06,0.0217258493141982,1.00117294713429
"53","rs72852265","6",32656938,"A","C",9876,"HLA-DQA1","ENSG00000196735.13",32628179,32647062,4.9113881415128,9.38292932994403e-06,0.0217258493141982,1.00117294713429
"54","rs112643027","6",32656990,"G","A",9928,"HLA-DQA1","ENSG00000196735.13",32628179,32647062,4.9113881415128,9.38292932994403e-06,0.0217258493141982,1.00117294713429
"55","rs1063355","6",32659937,"T","G",12875,"HLA-DQA1","ENSG00000196735.13",32628179,32647062,4.9113881415128,9.38292932994403e-06,0.0217258493141982,1.00117294713429
"56","rs3828789","6",32667977,"G","T",20915,"HLA-DQA1","ENSG00000196735.13",32628179,32647062,4.9113881415128,9.38292932994403e-06,0.0217258493141982,1.00117294713429
"57","rs4792897","17",46008901,"A","G",363954,"NSFP1","ENSG00000260075.1",46372855,46487141,4.95556125478361,8.04418780459909e-06,0.0217258493141982,1.36733515309018
"58","rs75556442","9",84118607,"C","T",114533,"RMI1","ENSG00000178966.17",83980798,84004074,-4.97200167295352,7.59547272584981e-06,0.0217258493141982,-2.36570465066163
"59","rs6928482","6",32658472,"T","C",995,"HLA-DQB1","ENSG00000179344.17",32659467,32668383,-4.86549479594824,1.10054633576789e-05,0.0250508595346815,-1.30901531500955
"60","rs4642516","6",32689766,"G","T",21383,"HLA-DQB1","ENSG00000179344.17",32659467,32668383,-4.84209264398653,1.19358785657977e-05,0.0258540755443698,-1.27028060309218
"61","rs9275086","6",32681032,"A","G",12649,"HLA-DQB1","ENSG00000179344.17",32659467,32668383,-4.84209264398653,1.19358785657977e-05,0.0258540755443698,-1.27028060309218
"62","rs9274733","6",32670097,"C","T",1714,"HLA-DQB1","ENSG00000179344.17",32659467,32668383,-4.84209264398653,1.19358785657977e-05,0.0258540755443698,-1.27028060309218
"63","rs2251746","1",159302270,"T","C",0,"FCER1A","ENSG00000179639.11",159289714,159308224,-4.80929729447365,1.33708456366382e-05,0.0285026104200572,-0.799609308634164
"64","rs9274605","6",32667885,"C","T",20823,"HLA-DQA1","ENSG00000196735.13",32628179,32647062,4.79644721783882,1.39781281865411e-05,0.0293315731416861,1.02381571297532
"65","rs17612802","6",32652582,"C","T",5520,"HLA-DQA1","ENSG00000196735.13",32628179,32647062,4.7708558720593,1.52692324480066e-05,0.0315478786164607,0.995079093900582
"66","rs9272611","6",32640003,"C","T",0,"HLA-DQA1","ENSG00000196735.13",32628179,32647062,4.72807686755084,1.76932171411904e-05,0.0352428597631434,0.941734247512457
"67","rs9274683","6",32669003,"G","A",620,"HLA-DQB1","ENSG00000179344.17",32659467,32668383,-4.72559482679864,1.78448845759306e-05,0.0352428597631434,-1.2207477692195
"68","rs9274687","6",32669105,"C","T",722,"HLA-DQB1","ENSG00000179344.17",32659467,32668383,-4.72559482679864,1.78448845759306e-05,0.0352428597631434,-1.2207477692195
"69","rs11878680","19",47654861,"A","G",790980,"GRWD1","ENSG00000105447.13",48445841,48457022,-4.55301693065161,3.21843720462354e-05,0.0362085622295235,-2.45349441224812
"70","rs2974227","19",47538676,"A","G",907165,"GRWD1","ENSG00000105447.13",48445841,48457022,-4.65871287286501,2.2447059223145e-05,0.0362085622295235,-2.14814471313422
"71","rs9273416","6",32659544,"T","G",12482,"HLA-DQA1","ENSG00000196735.13",32628179,32647062,4.64600468884838,2.34444074829279e-05,0.0362085622295235,1.04765564453149
"72","rs1061808","6",32168770,"T","G",490697,"HLA-DQB1","ENSG00000179344.17",32659467,32668383,4.58744913016984,2.86288438008452e-05,0.0362085622295235,1.28165054836009
"73","rs9271055","6",32607592,"G","T",51875,"HLA-DQB1","ENSG00000179344.17",32659467,32668383,4.66574888087703,2.19128562330469e-05,0.0362085622295235,1.62069179162504
"74","rs3129860","6",32433302,"A","G",226165,"HLA-DQB1","ENSG00000179344.17",32659467,32668383,4.53792784242646,3.38752449014154e-05,0.0362085622295235,1.58317765121652
"75","rs111661846","6",32487440,"G","A",172027,"HLA-DQB1","ENSG00000179344.17",32659467,32668383,4.53015003342927,3.47804085542383e-05,0.0362085622295235,1.76481394902649
"76","rs3129868","6",32436600,"A","C",222867,"HLA-DQB1","ENSG00000179344.17",32659467,32668383,4.53792784242646,3.38752449014154e-05,0.0362085622295235,1.58317765121652
"77","rs3129889","6",32445768,"G","A",213699,"HLA-DQB1","ENSG00000179344.17",32659467,32668383,4.53792784242646,3.38752449014154e-05,0.0362085622295235,1.58317765121652
"78","rs17205647","6",32669641,"G","A",1258,"HLA-DQB1","ENSG00000179344.17",32659467,32668383,-4.59821940603905,2.75977348564857e-05,0.0362085622295235,-1.19129209201413
"79","rs200461278","6",32518248,"A","G",141219,"HLA-DQB1","ENSG00000179344.17",32659467,32668383,4.53792784242646,3.38752449014154e-05,0.0362085622295235,1.58317765121652
"80","rs3135352","6",32425129,"C","A",234338,"HLA-DQB1","ENSG00000179344.17",32659467,32668383,4.53792784242646,3.38752449014154e-05,0.0362085622295235,1.58317765121652
"81","rs9270022","6",32585365,"C","T",74102,"HLA-DQB1","ENSG00000179344.17",32659467,32668383,4.53792784242646,3.38752449014154e-05,0.0362085622295235,1.58317765121652
"82","rs3135391","6",32443210,"A","G",216257,"HLA-DQB1","ENSG00000179344.17",32659467,32668383,4.53792784242646,3.38752449014154e-05,0.0362085622295235,1.58317765121652
"83","rs35222480","6",32555036,"A","T",104431,"HLA-DQB1","ENSG00000179344.17",32659467,32668383,4.53015003342927,3.47804085542383e-05,0.0362085622295235,1.76481394902649
"84","rs9269797","6",32581507,"G","A",77960,"HLA-DQB1","ENSG00000179344.17",32659467,32668383,4.53015003342927,3.47804085542383e-05,0.0362085622295235,1.76481394902649
"85","rs3104373","6",32632598,"T","C",26869,"HLA-DQB1","ENSG00000179344.17",32659467,32668383,4.64102504664523,2.38469292170372e-05,0.0362085622295235,1.64805284764733
"86","rs9269878","6",32583099,"G","C",76368,"HLA-DQB1","ENSG00000179344.17",32659467,32668383,4.58880777896861,2.84967242149048e-05,0.0362085622295235,1.60130997500222
"87","rs3129781","6",32680723,"G","T",12340,"HLA-DQB1","ENSG00000179344.17",32659467,32668383,4.64102504664523,2.38469292170372e-05,0.0362085622295235,1.64805284764733
"88","rs9270986","6",32606283,"A","C",53184,"HLA-DQB1","ENSG00000179344.17",32659467,32668383,4.53792784242646,3.38752449014154e-05,0.0362085622295235,1.58317765121652
"89","rs9271061","6",32607767,"A","T",51700,"HLA-DQB1","ENSG00000179344.17",32659467,32668383,4.53792784242646,3.38752449014154e-05,0.0362085622295235,1.58317765121652
"90","rs5875391","6",32689704,"-","T",21321,"HLA-DQB1","ENSG00000179344.17",32659467,32668383,-4.6521433860039,2.29573382107833e-05,0.0362085622295235,-1.2184696831345
"91","rs9271366","6",32619077,"G","A",40390,"HLA-DQB1","ENSG00000179344.17",32659467,32668383,4.53792784242646,3.38752449014154e-05,0.0362085622295235,1.58317765121652
"92","rs67792106","6",32560546,"C","G",98921,"HLA-DQB1","ENSG00000179344.17",32659467,32668383,4.53015003342927,3.47804085542383e-05,0.0362085622295235,1.76481394902649
"93","rs9271147","6",32609608,"T","C",49859,"HLA-DQB1","ENSG00000179344.17",32659467,32668383,4.53792784242646,3.38752449014154e-05,0.0362085622295235,1.58317765121652
"94","rs74197151","6",32501258,"C","T",158209,"HLA-DQB1","ENSG00000179344.17",32659467,32668383,4.6261973083322,2.50859760806342e-05,0.0362085622295235,1.46234177436366
"95","rs3135388","6",32445274,"A","G",214193,"HLA-DQB1","ENSG00000179344.17",32659467,32668383,4.53792784242646,3.38752449014154e-05,0.0362085622295235,1.58317765121652
"96","rs34596578","6",32568673,"G","A",90794,"HLA-DQB1","ENSG00000179344.17",32659467,32668383,4.53015003342927,3.47804085542383e-05,0.0362085622295235,1.76481394902649
"97","rs35570280","6",32554657,"T","G",104810,"HLA-DQB1","ENSG00000179344.17",32659467,32668383,4.53792784242646,3.38752449014154e-05,0.0362085622295235,1.58317765121652
"98","rs72508454","6",32526131,"T","A",133336,"HLA-DQB1","ENSG00000179344.17",32659467,32668383,4.53015003342927,3.47804085542383e-05,0.0362085622295235,1.76481394902649
"99","rs36183131","6",32554624,"G","A",104843,"HLA-DQB1","ENSG00000179344.17",32659467,32668383,4.53792784242646,3.38752449014154e-05,0.0362085622295235,1.58317765121652
"100","rs71536528","6",32553707,"G","A",105760,"HLA-DQB1","ENSG00000179344.17",32659467,32668383,4.53015003342927,3.47804085542383e-05,0.0362085622295235,1.76481394902649
"101","rs9270090","6",32586609,"G","T",72858,"HLA-DQB1","ENSG00000179344.17",32659467,32668383,4.53792784242646,3.38752449014154e-05,0.0362085622295235,1.58317765121652
"102","rs6920338","6",32320312,"C","T",197041,"HLA-DRB5","ENSG00000198502.6",32517353,32530287,4.56592997580464,3.08030616357138e-05,0.0362085622295235,0.887491498525725
"103","rs9270022","6",32585365,"C","T",55078,"HLA-DRB5","ENSG00000198502.6",32517353,32530287,4.53794613959513,3.38731428938506e-05,0.0362085622295235,0.916377799548899
"104","rs3129860","6",32433302,"A","G",84051,"HLA-DRB5","ENSG00000198502.6",32517353,32530287,4.53794613959513,3.38731428938506e-05,0.0362085622295235,0.916377799548899
"105","rs3129889","6",32445768,"G","A",71585,"HLA-DRB5","ENSG00000198502.6",32517353,32530287,4.53794613959513,3.38731428938506e-05,0.0362085622295235,0.916377799548899
"106","rs9271366","6",32619077,"G","A",88790,"HLA-DRB5","ENSG00000198502.6",32517353,32530287,4.53794613959513,3.38731428938506e-05,0.0362085622295235,0.916377799548899
"107","rs3135388","6",32445274,"A","G",72079,"HLA-DRB5","ENSG00000198502.6",32517353,32530287,4.53794613959513,3.38731428938506e-05,0.0362085622295235,0.916377799548899
"108","rs9267992","6",32252620,"G","A",264733,"HLA-DRB5","ENSG00000198502.6",32517353,32530287,4.56592997580464,3.08030616357138e-05,0.0362085622295235,0.887491498525725
"109","rs3135352","6",32425129,"C","A",92224,"HLA-DRB5","ENSG00000198502.6",32517353,32530287,4.53794613959513,3.38731428938506e-05,0.0362085622295235,0.916377799548899
"110","rs3129781","6",32680723,"G","T",150436,"HLA-DRB5","ENSG00000198502.6",32517353,32530287,4.66104152248689,2.22688621682981e-05,0.0362085622295235,0.956829915186002
"111","rs6457535","6",32294629,"A","G",222724,"HLA-DRB5","ENSG00000198502.6",32517353,32530287,4.56592997580464,3.08030616357138e-05,0.0362085622295235,0.887491498525725
"112","rs9271147","6",32609608,"T","C",79321,"HLA-DRB5","ENSG00000198502.6",32517353,32530287,4.53794613959513,3.38731428938506e-05,0.0362085622295235,0.916377799548899
"113","rs9268247","6",32327642,"A","C",189711,"HLA-DRB5","ENSG00000198502.6",32517353,32530287,4.56592997580464,3.08030616357138e-05,0.0362085622295235,0.887491498525725
"114","rs3129868","6",32436600,"A","C",80753,"HLA-DRB5","ENSG00000198502.6",32517353,32530287,4.53794613959513,3.38731428938506e-05,0.0362085622295235,0.916377799548899
"115","rs9270986","6",32606283,"A","C",75996,"HLA-DRB5","ENSG00000198502.6",32517353,32530287,4.53794613959513,3.38731428938506e-05,0.0362085622295235,0.916377799548899
"116","rs36183131","6",32554624,"G","A",24337,"HLA-DRB5","ENSG00000198502.6",32517353,32530287,4.53794613959513,3.38731428938506e-05,0.0362085622295235,0.916377799548899
"117","rs35570280","6",32554657,"T","G",24370,"HLA-DRB5","ENSG00000198502.6",32517353,32530287,4.53794613959513,3.38731428938506e-05,0.0362085622295235,0.916377799548899
"118","rs3104373","6",32632598,"T","C",102311,"HLA-DRB5","ENSG00000198502.6",32517353,32530287,4.66104152248689,2.22688621682981e-05,0.0362085622295235,0.956829915186002
"119","rs9271055","6",32607592,"G","T",77305,"HLA-DRB5","ENSG00000198502.6",32517353,32530287,4.57517221186341,2.98501695726272e-05,0.0362085622295235,0.925141337568615
"120","rs9269878","6",32583099,"G","C",52812,"HLA-DRB5","ENSG00000198502.6",32517353,32530287,4.67029216521819,2.15745453219279e-05,0.0362085622295235,0.938495589923658
"121","rs3135391","6",32443210,"A","G",74143,"HLA-DRB5","ENSG00000198502.6",32517353,32530287,4.53794613959513,3.38731428938506e-05,0.0362085622295235,0.916377799548899
"122","rs200461278","6",32518248,"A","G",0,"HLA-DRB5","ENSG00000198502.6",32517353,32530287,4.53794613959513,3.38731428938506e-05,0.0362085622295235,0.916377799548899
"123","rs9267955","6",32245373,"A","G",271980,"HLA-DRB5","ENSG00000198502.6",32517353,32530287,4.56592997580464,3.08030616357138e-05,0.0362085622295235,0.887491498525725
"124","rs9267948","6",32244456,"G","A",272897,"HLA-DRB5","ENSG00000198502.6",32517353,32530287,4.63811528293579,2.40852578192215e-05,0.0362085622295235,0.759918168561876
"125","rs9271061","6",32607767,"A","T",77480,"HLA-DRB5","ENSG00000198502.6",32517353,32530287,4.53794613959513,3.38731428938506e-05,0.0362085622295235,0.916377799548899
"126","rs9270090","6",32586609,"G","T",56322,"HLA-DRB5","ENSG00000198502.6",32517353,32530287,4.53794613959513,3.38731428938506e-05,0.0362085622295235,0.916377799548899
"127","rs3121597","6",30012899,"A","G",587514,"PPP1R10","ENSG00000204569.10",30600413,30618612,-4.53078881661327,3.47051865258976e-05,0.0362085622295235,-0.812929377568162
"128","rs3132129","6",30060083,"A","G",540330,"PPP1R10","ENSG00000204569.10",30600413,30618612,-4.66812221622425,2.17354854907743e-05,0.0362085622295235,-0.892489123335383
"129","rs11034990","11",4984455,"T","C",376224,"TRIM68","ENSG00000167333.13",4598672,4608231,-4.57799042170812,2.95653833513663e-05,0.0362085622295235,-2.15794228409565
"130","rs3134603","6",32158225,"A","C",501242,"HLA-DQB1","ENSG00000179344.17",32659467,32668383,4.51973878856959,3.60291055255007e-05,0.0372200060366012,1.34893790012239
"131","rs1257153","1",25967485,"T","C",0,"PAFAH2","ENSG00000158006.14",25959767,25998117,-4.48988460533239,3.98574755321649e-05,0.0408606060423141,-1.03204628513222
"132","rs3129988","6",30801701,"T","C",183089,"PPP1R10","ENSG00000204569.10",30600413,30618612,-4.48069173207115,4.11143190069089e-05,0.0418297704520518,-0.925858464679816
"133","rs2921551","19",47620179,"C","A",825662,"GRWD1","ENSG00000105447.13",48445841,48457022,-4.47422663654693,4.20213037852754e-05,0.042431090484595,-2.42299923948837
"134","rs2284165","6",30192278,"G","C",525157,"TUBB","ENSG00000196230.14",30717435,30725538,-4.46247586305444,4.37200649618767e-05,0.0438169668969041,-0.587461798727095
"135","rs9267948","6",32244456,"G","A",415011,"HLA-DQB1","ENSG00000179344.17",32659467,32668383,4.45537443755466,4.47789766640286e-05,0.0445457942892522,1.27564790194081
"136","rs2647012","6",32696681,"T","C",28298,"HLA-DQB1","ENSG00000179344.17",32659467,32668383,4.4329419165327,4.82909128354952e-05,0.0453519211263531,1.15947005982429
"137","rs2647003","6",32697103,"T","G",28720,"HLA-DQB1","ENSG00000179344.17",32659467,32668383,4.4329419165327,4.82909128354952e-05,0.0453519211263531,1.15947005982429
"138","rs2647046","6",32700559,"A","C",32176,"HLA-DQB1","ENSG00000179344.17",32659467,32668383,4.4329419165327,4.82909128354952e-05,0.0453519211263531,1.15947005982429
"139","rs2856717","6",32702531,"A","G",34148,"HLA-DQB1","ENSG00000179344.17",32659467,32668383,4.4329419165327,4.82909128354952e-05,0.0453519211263531,1.15947005982429
"140","rs2858310","6",32700546,"G","A",32163,"HLA-DQB1","ENSG00000179344.17",32659467,32668383,4.4329419165327,4.82909128354952e-05,0.0453519211263531,1.15947005982429
"141","rs2858324","6",32692598,"A","G",24215,"HLA-DQB1","ENSG00000179344.17",32659467,32668383,4.4329419165327,4.82909128354952e-05,0.0453519211263531,1.15947005982429
"142","rs9282193","6",32698063,"-","C",29680,"HLA-DQB1","ENSG00000179344.17",32659467,32668383,4.4329419165327,4.82909128354952e-05,0.0453519211263531,1.15947005982429
"143","rs8030148","15",81897857,"C","T",852707,"SNHG21","ENSG00000250988.7",82750564,82757206,4.43541892954483,4.78903037016978e-05,0.0453519211263531,0.5320096535237
"144","rs1257156","1",25971493,"T","G",0,"PAFAH2","ENSG00000158006.14",25959767,25998117,-4.42266722448447,4.99878193820442e-05,0.0466195429135444,-1.0144290111985
"145","rs17445374","19",21143555,"A","G",577746,"ZNF737","ENSG00000237440.9",20535825,20565809,-4.41619387965711,5.10866219121912e-05,0.0473157245720107,-1.88870514106115
"146","rs67792106","6",32560546,"C","G",30259,"HLA-DRB5","ENSG00000198502.6",32517353,32530287,4.39311681986138,5.5198678436349e-05,0.0484510909671004,0.999068449149601
"147","rs34596578","6",32568673,"G","A",38386,"HLA-DRB5","ENSG00000198502.6",32517353,32530287,4.39311681986138,5.5198678436349e-05,0.0484510909671004,0.999068449149601
"148","rs72508454","6",32526131,"T","A",0,"HLA-DRB5","ENSG00000198502.6",32517353,32530287,4.39311681986138,5.5198678436349e-05,0.0484510909671004,0.999068449149601
"149","rs111661846","6",32487440,"G","A",29913,"HLA-DRB5","ENSG00000198502.6",32517353,32530287,4.39311681986138,5.5198678436349e-05,0.0484510909671004,0.999068449149601
"150","rs9269797","6",32581507,"G","A",51220,"HLA-DRB5","ENSG00000198502.6",32517353,32530287,4.39311681986138,5.5198678436349e-05,0.0484510909671004,0.999068449149601
"151","rs71536528","6",32553707,"G","A",23420,"HLA-DRB5","ENSG00000198502.6",32517353,32530287,4.39311681986138,5.5198678436349e-05,0.0484510909671004,0.999068449149601
"152","rs35222480","6",32555036,"A","T",24749,"HLA-DRB5","ENSG00000198502.6",32517353,32530287,4.39311681986138,5.5198678436349e-05,0.0484510909671004,0.999068449149601
"153","rs78458683","10",25965194,"C","T",938530,"THNSL1","ENSG00000185875.13",25016612,25026664,-4.40371745608645,5.32712121864603e-05,0.0484510909671004,-3.04596529071954
"154","rs2772286","1",68219706,"T","C",531372,"GADD45A","ENSG00000116717.13",67685201,67688334,-4.38974331963014,5.58261988209409e-05,0.0486837079419214,-1.10096475228355
